id_cliente,churn_proba
23,0.9375476190476191
21,0.9343809523809524
29,0.9192222222222222
17,0.9128333333333332
28,0.9072142857142858
18,0.88475
54,0.882
2,0.8759999999999999
43,0.8485952380952382
82,0.8480952380952381
51,0.838095238095238
36,0.8252142857142859
1,0.7972380952380953
98,0.7832619047619046
3,0.7582499999999999
83,0.7572142857142857
46,0.7520555555555554
67,0.748904761904762
9,0.7175238095238093
41,0.7063809523809523
